{
  "latent_dim": 32,
  "patch_size": 32,
  "total_params": 220066,
  "decoder_params": 57170,
  "timestamp": "20251126_194707",
  "final_train_loss": 87.36573037925673,
  "final_val_loss": 85.13150313093855,
  "best_val_loss": 85.04812477730415,
  "device": "mps"
}