{
  "latent_dim": 32,
  "patch_size": 32,
  "total_params": 220066,
  "decoder_params": 57170,
  "timestamp": "20251126_195837",
  "final_train_loss": 78.66808445468271,
  "final_val_loss": 79.04883812569282,
  "best_val_loss": 78.94349928159971,
  "device": "mps"
}